,set,filename
0,A,Aunlabelledtest__201012172010.wav
1,A,Aunlabelledtest__201101051105.wav
2,A,Aunlabelledtest__201101061552.wav
3,A,Aunlabelledtest__201101091156.wav
4,A,Aunlabelledtest__201101110659.wav
5,A,Aunlabelledtest__201101152256.wav
6,A,Aunlabelledtest__201101220549.wav
7,A,Aunlabelledtest__201101241434.wav
8,A,Aunlabelledtest__201102081033.wav
9,A,Aunlabelledtest__201102081045.wav
10,A,Aunlabelledtest__201102200848.wav
11,A,Aunlabelledtest__201103011036.wav
12,A,Aunlabelledtest__201103140236.wav
13,A,Aunlabelledtest__201103170122.wav
14,A,Aunlabelledtest__201103200518.wav
15,A,Aunlabelledtest__201103201314.wav
16,A,Aunlabelledtest__201103232251.wav
17,A,Aunlabelledtest__201103241336.wav
18,A,Aunlabelledtest__201104012144.wav
19,A,Aunlabelledtest__2011040239.wav
20,A,Aunlabelledtest__201105011546.wav
21,A,Aunlabelledtest__20110501548.wav
22,A,Aunlabelledtest__201105031730.wav
23,A,Aunlabelledtest__201106010807.wav
24,A,Aunlabelledtest__201106030607.wav
25,A,Aunlabelledtest__201106031556.wav
26,A,Aunlabelledtest__201106040930.wav
27,A,Aunlabelledtest__201106061104.wav
28,A,Aunlabelledtest__201106061215.wav
29,A,Aunlabelledtest__201106100606.wav
30,A,Aunlabelledtest__201106111419.wav
31,A,Aunlabelledtest__201106120928.wav
32,A,Aunlabelledtest__201106130440.wav
33,A,Aunlabelledtest__201106150614.wav
34,A,Aunlabelledtest__201106170857.wav
35,A,Aunlabelledtest__201106171155.wav
36,A,Aunlabelledtest__201106191034.wav
37,A,Aunlabelledtest__201106211725.wav
38,A,Aunlabelledtest__201106212102.wav
39,A,Aunlabelledtest__201108011111.wav
40,A,Aunlabelledtest__201108011113.wav
41,A,Aunlabelledtest__201108011116.wav
42,A,Aunlabelledtest__201108011117.wav
43,A,Aunlabelledtest__201108222222.wav
44,A,Aunlabelledtest__201108222225.wav
45,A,Aunlabelledtest__201108222228.wav
46,A,Aunlabelledtest__201108222234.wav
47,A,Aunlabelledtest__201108222241.wav
48,A,Aunlabelledtest__201108222244.wav
49,A,Aunlabelledtest__201108222247.wav
50,A,Aunlabelledtest__201108222254.wav
51,A,Aunlabelledtest__201108222257.wav
52,B,Bunlabelledtest__101_1305030823364_A.wav
53,B,Bunlabelledtest__101_1305030823364_D.wav
54,B,Bunlabelledtest__101_1305030823364_F.wav
55,B,Bunlabelledtest__103_1305031931979_A.wav
56,B,Bunlabelledtest__103_1305031931979_C.wav
57,B,Bunlabelledtest__105_1305033453095_B.wav
58,B,Bunlabelledtest__105_1305033453095_D.wav
59,B,Bunlabelledtest__106_1306776721273_B.wav
60,B,Bunlabelledtest__106_1306776721273_D.wav
61,B,Bunlabelledtest__107_1305654946865_B.wav
62,B,Bunlabelledtest__107_1305654946865_D.wav
63,B,Bunlabelledtest__108_1305654420093_C.wav
64,B,Bunlabelledtest__109_1305653646620_B.wav
65,B,Bunlabelledtest__109_1305653646620_D.wav
66,B,Bunlabelledtest__109_1305653972028_B.wav
67,B,Bunlabelledtest__109_1305653972028_D.wav
68,B,Bunlabelledtest__110_1305655332337_D.wav
69,B,Bunlabelledtest__112_1306243000964_C.wav
70,B,Bunlabelledtest__113_1306244002866_C.wav
71,B,Bunlabelledtest__115_1306259437619_D.wav
72,B,Bunlabelledtest__116_1306258689913_B.wav
73,B,Bunlabelledtest__117_1306262456650_B1.wav
74,B,Bunlabelledtest__118_1306262335509_A.wav
75,B,Bunlabelledtest__118_1306262335509_A1.wav
76,B,Bunlabelledtest__118_1306262335509_C2.wav
77,B,Bunlabelledtest__121_1306263877235_B.wav
78,B,Bunlabelledtest__122_1306325762831_A.wav
79,B,Bunlabelledtest__122_1306325762831_B.wav
80,B,Bunlabelledtest__123_1306331925797_A.wav
81,B,Bunlabelledtest__123_1306331925797_D.wav
82,B,Bunlabelledtest__125_1306332456645_B2.wav
83,B,Bunlabelledtest__126_1306777102824_C1.wav
84,B,Bunlabelledtest__126_1306777102824_D1.wav
85,B,Bunlabelledtest__127_1306764300147_D.wav
86,B,Bunlabelledtest__128_1306344005749_C.wav
87,B,Bunlabelledtest__129_1306344506305_B.wav
88,B,Bunlabelledtest__130_1306347376079_A.wav
89,B,Bunlabelledtest__132_1306758754432_A.wav
90,B,Bunlabelledtest__132_1306758754432_B.wav
91,B,Bunlabelledtest__132_1306758754432_D.wav
92,B,Bunlabelledtest__134_1306428161797_A.wav
93,B,Bunlabelledtest__134_1306428161797_B.wav
94,B,Bunlabelledtest__135_1306428972976_D.wav
95,B,Bunlabelledtest__136_1306429977501_A.wav
96,B,Bunlabelledtest__136_1306429977501_D.wav
97,B,Bunlabelledtest__137_1306764999211_A.wav
98,B,Bunlabelledtest__137_1306764999211_B1.wav
99,B,Bunlabelledtest__137_1306764999211_D2.wav
100,B,Bunlabelledtest__138_1306762146980_C.wav
101,B,Bunlabelledtest__139_1306519274653_B.wav
102,B,Bunlabelledtest__139_1306519274653_C.wav
103,B,Bunlabelledtest__141_1306520154450_A.wav
104,B,Bunlabelledtest__141_1306520154450_D.wav
105,B,Bunlabelledtest__142_1306763049574_C.wav
106,B,Bunlabelledtest__143_1306763822290_D.wav
107,B,Bunlabelledtest__144_1306522408528_A.wav
108,B,Bunlabelledtest__145_1307987561278_A.wav
109,B,Bunlabelledtest__145_1307987561278_D.wav
110,B,Bunlabelledtest__146_1306778707532_C.wav
111,B,Bunlabelledtest__146_1306778707532_D31.wav
112,B,Bunlabelledtest__147_1306523973811_D.wav
113,B,Bunlabelledtest__148_1306768801551_A.wav
114,B,Bunlabelledtest__148_1306768801551_C.wav
115,B,Bunlabelledtest__148_1306768801551_D.wav
116,B,Bunlabelledtest__149_1306776016110_C.wav
117,B,Bunlabelledtest__150_1306776340746_D.wav
118,B,Bunlabelledtest__151_1306779785624_A1.wav
119,B,Bunlabelledtest__152_1306779561195_B.wav
120,B,Bunlabelledtest__152_1306779561195_C.wav
121,B,Bunlabelledtest__152_1306779561195_D1.wav
122,B,Bunlabelledtest__153_1306848820671_D.wav
123,B,Bunlabelledtest__154_1306935608852_A.wav
124,B,Bunlabelledtest__154_1306935608852_A2.wav
125,B,Bunlabelledtest__154_1306935608852_D.wav
126,B,Bunlabelledtest__154_1306935608852_D1.wav
127,B,Bunlabelledtest__155_1306935902813_B.wav
128,B,Bunlabelledtest__155_1306935902813_B2.wav
129,B,Bunlabelledtest__155_1306935902813_D.wav
130,B,Bunlabelledtest__156_1306936373241_C.wav
131,B,Bunlabelledtest__156_1306936373241_D.wav
132,B,Bunlabelledtest__157_1306937583792_C.wav
133,B,Bunlabelledtest__159_1307018640315_A.wav
134,B,Bunlabelledtest__159_1307018640315_B.wav
135,B,Bunlabelledtest__159_1307018640315_C.wav
136,B,Bunlabelledtest__160_1307100683334_C.wav
137,B,Bunlabelledtest__161_1307101199321_D.wav
138,B,Bunlabelledtest__162_1307101835989_C.wav
139,B,Bunlabelledtest__163_1307104470471_B.wav
140,B,Bunlabelledtest__163_1307104470471_B1.wav
141,B,Bunlabelledtest__163_1307104470471_D.wav
142,B,Bunlabelledtest__164_1307106095995_D.wav
143,B,Bunlabelledtest__165_1307109069581_B.wav
144,B,Bunlabelledtest__167_1307111318050_C1.wav
145,B,Bunlabelledtest__167_1307111318050_D.wav
146,B,Bunlabelledtest__169_1307970398039_B.wav
147,B,Bunlabelledtest__169_1307970398039_C1.wav
148,B,Bunlabelledtest__170_1307970562729_D.wav
149,B,Bunlabelledtest__171_1307971016233_C.wav
150,B,Bunlabelledtest__171_1307971016233_F.wav
151,B,Bunlabelledtest__172_1307971284351_C.wav
152,B,Bunlabelledtest__172_1307971284351_D.wav
153,B,Bunlabelledtest__173_1307973611151_D.wav
154,B,Bunlabelledtest__174_1307987737137_C.wav
155,B,Bunlabelledtest__175_1307987962616_C.wav
156,B,Bunlabelledtest__176_1307988171173_A1.wav
157,B,Bunlabelledtest__176_1307988171173_C.wav
158,B,Bunlabelledtest__176_1307988171173_C1.wav
159,B,Bunlabelledtest__177_1307989650056_C.wav
160,B,Bunlabelledtest__178_1307989887769_A.wav
161,B,Bunlabelledtest__179_1307990076841_D1.wav
162,B,Bunlabelledtest__180_1307990956284_B.wav
163,B,Bunlabelledtest__180_1307990956284_D.wav
164,B,Bunlabelledtest__181_1308052613891_C.wav
165,B,Bunlabelledtest__184_1308073010307_C.wav
166,B,Bunlabelledtest__186_1308073648738_C.wav
167,B,Bunlabelledtest__186_1308073648738_D1.wav
168,B,Bunlabelledtest__187_1308073994223_C.wav
169,B,Bunlabelledtest__189_1308075231945_A.wav
170,B,Bunlabelledtest__189_1308075231945_C.wav
171,B,Bunlabelledtest__191_1308077299430_C.wav
172,B,Bunlabelledtest__191_1308077299430_D.wav
173,B,Bunlabelledtest__193_1308078104592_A.wav
174,B,Bunlabelledtest__193_1308078104592_D.wav
175,B,Bunlabelledtest__194_1308139824187_C.wav
176,B,Bunlabelledtest__195_1308140095331_D.wav
177,B,Bunlabelledtest__196_1308141034858_D.wav
178,B,Bunlabelledtest__197_1308141235553_B.wav
179,B,Bunlabelledtest__200_1308144251434_C1.wav
180,B,Bunlabelledtest__201_1308144942432_B.wav
181,B,Bunlabelledtest__202_1308145175747_B.wav
182,B,Bunlabelledtest__203_1308162026258_C.wav
183,B,Bunlabelledtest__204_1308159229275_B1.wav
184,B,Bunlabelledtest__206_1308159601959_C1.wav
185,B,Bunlabelledtest__207_1308159792607_B3.wav
186,B,Bunlabelledtest__209_1308162216750_B.wav
187,B,Bunlabelledtest__209_1308162216750_C.wav
188,B,Bunlabelledtest__210_1308162935880_D.wav
189,B,Bunlabelledtest__212_1308245076477_C.wav
190,B,Bunlabelledtest__213_1308245263936_B.wav
191,B,Bunlabelledtest__214_1308245489717_A1.wav
192,B,Bunlabelledtest__215_1308245664733_D.wav
193,B,Bunlabelledtest__216_1308245839516_B1.wav
194,B,Bunlabelledtest__217_1308246111629_A.wav
195,B,Bunlabelledtest__217_1308246111629_B.wav
196,B,Bunlabelledtest__217_1308246111629_D.wav
197,B,Bunlabelledtest__220_1308250132896_A.wav
198,B,Bunlabelledtest__222_1308336218979_B.wav
199,B,Bunlabelledtest__227_1308594233667_D.wav
200,B,Bunlabelledtest__229_1308594979317_C.wav
201,B,Bunlabelledtest__231_1308748318393_B.wav
202,B,Bunlabelledtest__231_1308748318393_C.wav
203,B,Bunlabelledtest__232_1308748524018_A1.wav
204,B,Bunlabelledtest__232_1308748524018_D.wav
205,B,Bunlabelledtest__235_1308749032454_C1.wav
206,B,Bunlabelledtest__235_1308749032454_D1.wav
207,B,Bunlabelledtest__237_1308750231222_C1.wav
208,B,Bunlabelledtest__239_1309195730333_D.wav
209,B,Bunlabelledtest__240_1309196119795_D.wav
210,B,Bunlabelledtest__242_1309197394064_A.wav
211,B,Bunlabelledtest__242_1309197394064_C.wav
212,B,Bunlabelledtest__243_1309197760898_D.wav
213,B,Bunlabelledtest__245_1309198844065_A.wav
214,B,Bunlabelledtest__245_1309200438094_C.wav
215,B,Bunlabelledtest__248_1309201683806_B.wav
216,B,Bunlabelledtest__248_1309201683806_D.wav
217,B,Bunlabelledtest__254_1309350589009_B.wav
218,B,Bunlabelledtest__255_1309351210897_B.wav
219,B,Bunlabelledtest__259_1309352630271_B.wav
220,B,Bunlabelledtest__260_1309353164458_A.wav
221,B,Bunlabelledtest__262_1309355283807_B.wav
222,B,Bunlabelledtest__264_1309356143724_A.wav
223,B,Bunlabelledtest__268_1309368960960_A.wav
224,B,Bunlabelledtest__268_1309368960960_E.wav
225,B,Bunlabelledtest__270_1309369533040_D.wav
226,B,Bunlabelledtest__271_1309369876160_B.wav
227,B,Bunlabelledtest__272_1309370164386_B.wav
228,B,Bunlabelledtest__274_1311075637574_C.wav
229,B,Bunlabelledtest__278_1311163365896_C.wav
230,B,Bunlabelledtest__278_1311163365896_D.wav
231,B,Bunlabelledtest__280_1311165195344_B.wav
232,B,Bunlabelledtest__281_1311165683454_C.wav
233,B,Bunlabelledtest__282_1311166081161_D.wav
234,B,Bunlabelledtest__284_1311168471850_C.wav
235,B,Bunlabelledtest__286_1311170606028_B.wav
236,B,Bunlabelledtest__287_1311170903290_D.wav
237,B,Bunlabelledtest__288_1311164615284_B.wav
238,B,Bunlabelledtest__290_1311182875320_B.wav
239,B,Bunlabelledtest__293_1311680805936_B.wav
240,B,Bunlabelledtest__293_1311680805936_B2.wav
241,B,Bunlabelledtest__294_1311681084248_D.wav
242,B,Bunlabelledtest__296_1311682952647_A.wav
243,B,Bunlabelledtest__296_1311682952647_B.wav
244,B,Bunlabelledtest__300_1311772096120_B.wav
245,B,Bunlabelledtest__300_1311772096120_C.wav
246,B,Bunlabelledtest__300_1311772096120_D.wav
